<ImportExportXml version="9.2.25032.214" SolutionPackageVersion="9.2" languagecode="1033" generatedBy="CrmLive" xmlns:xsi="http://www.w3.org/2001/XMLSchema-instance" OrganizationVersion="9.2.25032.214" OrganizationSchemaType="Full" CRMServerServiceabilityVersion="9.2.25032.00214">
  <SolutionManifest>
    <UniqueName>Dynamics365PurchaseRequisition</UniqueName>
    <LocalizedNames>
      <LocalizedName description="Dynamics 365 Purchase Requisition" languagecode="1033" />
    </LocalizedNames>
    <Descriptions />
    <Version>1.0.0.1</Version>
    <Managed>0</Managed>
    <Publisher>
      <UniqueName>SefaDuman</UniqueName>
      <LocalizedNames>
        <LocalizedName description="Sefa Duman" languagecode="1033" />
      </LocalizedNames>
      <Descriptions />
      <EMailAddress>sefaduman@microsoft.com</EMailAddress>
      <SupportingWebsiteUrl>https://sefaduman.com/</SupportingWebsiteUrl>
      <CustomizationPrefix>sd</CustomizationPrefix>
      <CustomizationOptionValuePrefix>12641</CustomizationOptionValuePrefix>
      <Addresses>
        <Address>
          <AddressNumber>1</AddressNumber>
          <AddressTypeCode>1</AddressTypeCode>
          <City xsi:nil="true"></City>
          <County xsi:nil="true"></County>
          <Country xsi:nil="true"></Country>
          <Fax xsi:nil="true"></Fax>
          <FreightTermsCode xsi:nil="true"></FreightTermsCode>
          <ImportSequenceNumber xsi:nil="true"></ImportSequenceNumber>
          <Latitude xsi:nil="true"></Latitude>
          <Line1 xsi:nil="true"></Line1>
          <Line2 xsi:nil="true"></Line2>
          <Line3 xsi:nil="true"></Line3>
          <Longitude xsi:nil="true"></Longitude>
          <Name xsi:nil="true"></Name>
          <PostalCode xsi:nil="true"></PostalCode>
          <PostOfficeBox xsi:nil="true"></PostOfficeBox>
          <PrimaryContactName xsi:nil="true"></PrimaryContactName>
          <ShippingMethodCode>1</ShippingMethodCode>
          <StateOrProvince xsi:nil="true"></StateOrProvince>
          <Telephone1 xsi:nil="true"></Telephone1>
          <Telephone2 xsi:nil="true"></Telephone2>
          <Telephone3 xsi:nil="true"></Telephone3>
          <TimeZoneRuleVersionNumber xsi:nil="true"></TimeZoneRuleVersionNumber>
          <UPSZone xsi:nil="true"></UPSZone>
          <UTCOffset xsi:nil="true"></UTCOffset>
          <UTCConversionTimeZoneCode xsi:nil="true"></UTCConversionTimeZoneCode>
        </Address>
        <Address>
          <AddressNumber>2</AddressNumber>
          <AddressTypeCode>1</AddressTypeCode>
          <City xsi:nil="true"></City>
          <County xsi:nil="true"></County>
          <Country xsi:nil="true"></Country>
          <Fax xsi:nil="true"></Fax>
          <FreightTermsCode xsi:nil="true"></FreightTermsCode>
          <ImportSequenceNumber xsi:nil="true"></ImportSequenceNumber>
          <Latitude xsi:nil="true"></Latitude>
          <Line1 xsi:nil="true"></Line1>
          <Line2 xsi:nil="true"></Line2>
          <Line3 xsi:nil="true"></Line3>
          <Longitude xsi:nil="true"></Longitude>
          <Name xsi:nil="true"></Name>
          <PostalCode xsi:nil="true"></PostalCode>
          <PostOfficeBox xsi:nil="true"></PostOfficeBox>
          <PrimaryContactName xsi:nil="true"></PrimaryContactName>
          <ShippingMethodCode>1</ShippingMethodCode>
          <StateOrProvince xsi:nil="true"></StateOrProvince>
          <Telephone1 xsi:nil="true"></Telephone1>
          <Telephone2 xsi:nil="true"></Telephone2>
          <Telephone3 xsi:nil="true"></Telephone3>
          <TimeZoneRuleVersionNumber xsi:nil="true"></TimeZoneRuleVersionNumber>
          <UPSZone xsi:nil="true"></UPSZone>
          <UTCOffset xsi:nil="true"></UTCOffset>
          <UTCConversionTimeZoneCode xsi:nil="true"></UTCConversionTimeZoneCode>
        </Address>
      </Addresses>
    </Publisher>
    <RootComponents>
      <RootComponent type="1" schemaName="mserp_ecoresproductcategoryassignmententity" behavior="0" />
      <RootComponent type="1" schemaName="mserp_ecoresproductcategoryentity" behavior="0" />
      <RootComponent type="1" schemaName="mserp_ecoresproductv2entity" behavior="0" />
      <RootComponent type="1" schemaName="mserp_ecoresreleasedproductdocumentattachmententity" behavior="2" />
      <RootComponent type="1" schemaName="mserp_ecoresreleasedproductv2entity" behavior="0" />
      <RootComponent type="1" schemaName="mserp_inventoperationalsitev2entity" behavior="0" />
      <RootComponent type="1" schemaName="mserp_inventwarehouseentity" behavior="0" />
      <RootComponent type="1" schemaName="mserp_omlegalentity" behavior="0" />
      <RootComponent type="1" schemaName="mserp_omoperatingunitentity" behavior="0" />
      <RootComponent type="1" schemaName="mserp_purchaserequisitionheaderv2entity" behavior="0" />
      <RootComponent type="1" schemaName="mserp_purchaserequisitionlineentity" behavior="0" />
      <RootComponent type="300" schemaName="sd_purchaserequisitionapp_76177" behavior="0" />
    </RootComponents>
    <MissingDependencies>
      <MissingDependency>
        <Required type="1" schemaName="msdyn_aimodel" displayName="AI Model" solution="msdyn_AISolution (202502.4.24.2)">
          <package appName="PowerAI" version="202502.4.24.2">msdyn_AISolutionAnchor (202502.4.24.2)</package>
        </Required>
        <Dependent type="300" schemaName="sd_purchaserequisitionapp_76177" displayName="Purchase Requisition App" />
      </MissingDependency>
      <MissingDependency>
        <Required type="1" schemaName="mserp_ecoresproductcategoryassignmententity" displayName="Product category assignments (mserp)" solution="MicrosoftOperationsERPVE (1.0.0.0)">
          <package appName="Microsoft Operations Virtual Entity" version="2.9.7.6">MicrosoftOperationsVEAnchor (2.9.7.6)</package>
        </Required>
        <Dependent type="1" schemaName="mserp_ecoresproductcategoryassignmententity" displayName="Product category assignments (mserp)" />
      </MissingDependency>
      <MissingDependency>
        <Required type="1" schemaName="mserp_ecoresproductcategoryassignmententity" displayName="Product category assignments (mserp)" solution="MicrosoftOperationsERPVE (1.0.0.0)">
          <package appName="Microsoft Operations Virtual Entity" version="2.9.7.6">MicrosoftOperationsVEAnchor (2.9.7.6)</package>
        </Required>
        <Dependent type="300" schemaName="sd_purchaserequisitionapp_76177" displayName="Purchase Requisition App" />
      </MissingDependency>
      <MissingDependency>
        <Required type="1" schemaName="mserp_ecoresproductcategoryentity" displayName="Product categories (mserp)" solution="MicrosoftOperationsERPVE (1.0.0.0)">
          <package appName="Microsoft Operations Virtual Entity" version="2.9.7.6">MicrosoftOperationsVEAnchor (2.9.7.6)</package>
        </Required>
        <Dependent type="1" schemaName="mserp_ecoresproductcategoryentity" displayName="Product categories (mserp)" />
      </MissingDependency>
      <MissingDependency>
        <Required type="1" schemaName="mserp_ecoresproductcategoryentity" displayName="Product categories (mserp)" solution="MicrosoftOperationsERPVE (1.0.0.0)">
          <package appName="Microsoft Operations Virtual Entity" version="2.9.7.6">MicrosoftOperationsVEAnchor (2.9.7.6)</package>
        </Required>
        <Dependent type="300" schemaName="sd_purchaserequisitionapp_76177" displayName="Purchase Requisition App" />
      </MissingDependency>
      <MissingDependency>
        <Required type="1" schemaName="mserp_ecoresproductv2entity" displayName="Products V2 (mserp)" solution="MicrosoftOperationsERPVE (1.0.0.0)">
          <package appName="Microsoft Operations Virtual Entity" version="2.9.7.6">MicrosoftOperationsVEAnchor (2.9.7.6)</package>
        </Required>
        <Dependent type="1" schemaName="mserp_ecoresproductv2entity" displayName="Products V2 (mserp)" />
      </MissingDependency>
      <MissingDependency>
        <Required type="1" schemaName="mserp_ecoresproductv2entity" displayName="Products V2 (mserp)" solution="MicrosoftOperationsERPVE (1.0.0.0)">
          <package appName="Microsoft Operations Virtual Entity" version="2.9.7.6">MicrosoftOperationsVEAnchor (2.9.7.6)</package>
        </Required>
        <Dependent type="300" schemaName="sd_purchaserequisitionapp_76177" displayName="Purchase Requisition App" />
      </MissingDependency>
      <MissingDependency>
        <Required type="1" schemaName="mserp_ecoresreleaseddistinctproductcdsentity" displayName="CDS released distinct products (mserp)" solution="MicrosoftOperationsERPVE (1.0.0.0)">
          <package appName="Microsoft Operations Virtual Entity" version="2.9.7.6">MicrosoftOperationsVEAnchor (2.9.7.6)</package>
        </Required>
        <Dependent type="1" schemaName="mserp_ecoresreleasedproductv2entity" displayName="Released products V2 (mserp)" />
      </MissingDependency>
      <MissingDependency>
        <Required type="1" schemaName="mserp_ecoresreleasedproductdocumentattachmententity" displayName="Released product document attachments (mserp)" solution="MicrosoftOperationsERPVE (1.0.0.0)">
          <package appName="Microsoft Operations Virtual Entity" version="2.9.7.6">MicrosoftOperationsVEAnchor (2.9.7.6)</package>
        </Required>
        <Dependent type="1" schemaName="mserp_ecoresreleasedproductdocumentattachmententity" displayName="Released product document attachments (mserp)" />
      </MissingDependency>
      <MissingDependency>
        <Required type="1" schemaName="mserp_ecoresreleasedproductdocumentattachmententity" displayName="Released product document attachments (mserp)" solution="MicrosoftOperationsERPVE (1.0.0.0)">
          <package appName="Microsoft Operations Virtual Entity" version="2.9.7.6">MicrosoftOperationsVEAnchor (2.9.7.6)</package>
        </Required>
        <Dependent type="300" schemaName="sd_purchaserequisitionapp_76177" displayName="Purchase Requisition App" />
      </MissingDependency>
      <MissingDependency>
        <Required type="1" schemaName="mserp_ecoresreleasedproductdventity" displayName="DV Released products (mserp)" solution="MicrosoftOperationsERPVE (1.0.0.0)">
          <package appName="Microsoft Operations Virtual Entity" version="2.9.7.6">MicrosoftOperationsVEAnchor (2.9.7.6)</package>
        </Required>
        <Dependent type="1" schemaName="mserp_ecoresproductv2entity" displayName="Products V2 (mserp)" />
      </MissingDependency>
      <MissingDependency>
        <Required type="1" schemaName="mserp_ecoresreleasedproductv2entity" displayName="Released products V2 (mserp)" solution="MicrosoftOperationsERPVE (1.0.0.0)">
          <package appName="Microsoft Operations Virtual Entity" version="2.9.7.6">MicrosoftOperationsVEAnchor (2.9.7.6)</package>
        </Required>
        <Dependent type="1" schemaName="mserp_ecoresreleasedproductv2entity" displayName="Released products V2 (mserp)" />
      </MissingDependency>
      <MissingDependency>
        <Required type="1" schemaName="mserp_ecoresreleasedproductv2entity" displayName="Released products V2 (mserp)" solution="MicrosoftOperationsERPVE (1.0.0.0)">
          <package appName="Microsoft Operations Virtual Entity" version="2.9.7.6">MicrosoftOperationsVEAnchor (2.9.7.6)</package>
        </Required>
        <Dependent type="300" schemaName="sd_purchaserequisitionapp_76177" displayName="Purchase Requisition App" />
      </MissingDependency>
      <MissingDependency>
        <Required type="1" schemaName="mserp_inventoperationalsitev2entity" displayName="Sites V2 (mserp)" solution="MicrosoftOperationsERPVE (1.0.0.0)">
          <package appName="Microsoft Operations Virtual Entity" version="2.9.7.6">MicrosoftOperationsVEAnchor (2.9.7.6)</package>
        </Required>
        <Dependent type="1" schemaName="mserp_inventoperationalsitev2entity" displayName="Sites V2 (mserp)" />
      </MissingDependency>
      <MissingDependency>
        <Required type="1" schemaName="mserp_inventoperationalsitev2entity" displayName="Sites V2 (mserp)" solution="MicrosoftOperationsERPVE (1.0.0.0)">
          <package appName="Microsoft Operations Virtual Entity" version="2.9.7.6">MicrosoftOperationsVEAnchor (2.9.7.6)</package>
        </Required>
        <Dependent type="300" schemaName="sd_purchaserequisitionapp_76177" displayName="Purchase Requisition App" />
      </MissingDependency>
      <MissingDependency>
        <Required type="1" schemaName="mserp_inventwarehouseentity" displayName="Warehouses (mserp)" solution="MicrosoftOperationsERPVE (1.0.0.0)">
          <package appName="Microsoft Operations Virtual Entity" version="2.9.7.6">MicrosoftOperationsVEAnchor (2.9.7.6)</package>
        </Required>
        <Dependent type="1" schemaName="mserp_inventwarehouseentity" displayName="Warehouses (mserp)" />
      </MissingDependency>
      <MissingDependency>
        <Required type="1" schemaName="mserp_inventwarehouseentity" displayName="Warehouses (mserp)" solution="MicrosoftOperationsERPVE (1.0.0.0)">
          <package appName="Microsoft Operations Virtual Entity" version="2.9.7.6">MicrosoftOperationsVEAnchor (2.9.7.6)</package>
        </Required>
        <Dependent type="300" schemaName="sd_purchaserequisitionapp_76177" displayName="Purchase Requisition App" />
      </MissingDependency>
      <MissingDependency>
        <Required type="1" schemaName="mserp_omlegalentity" displayName="Legal entities (mserp)" solution="MicrosoftOperationsERPVE (1.0.0.0)">
          <package appName="Microsoft Operations Virtual Entity" version="2.9.7.6">MicrosoftOperationsVEAnchor (2.9.7.6)</package>
        </Required>
        <Dependent type="1" schemaName="mserp_omlegalentity" displayName="Legal entities (mserp)" />
      </MissingDependency>
      <MissingDependency>
        <Required type="1" schemaName="mserp_omlegalentity" displayName="Legal entities (mserp)" solution="MicrosoftOperationsERPVE (1.0.0.0)">
          <package appName="Microsoft Operations Virtual Entity" version="2.9.7.6">MicrosoftOperationsVEAnchor (2.9.7.6)</package>
        </Required>
        <Dependent type="300" schemaName="sd_purchaserequisitionapp_76177" displayName="Purchase Requisition App" />
      </MissingDependency>
      <MissingDependency>
        <Required type="1" schemaName="mserp_omoperatingunitentity" displayName="Operating unit (mserp)" solution="MicrosoftOperationsERPVE (1.0.0.0)">
          <package appName="Microsoft Operations Virtual Entity" version="2.9.7.6">MicrosoftOperationsVEAnchor (2.9.7.6)</package>
        </Required>
        <Dependent type="1" schemaName="mserp_omoperatingunitentity" displayName="Operating unit (mserp)" />
      </MissingDependency>
      <MissingDependency>
        <Required type="1" schemaName="mserp_omoperatingunitentity" displayName="Operating unit (mserp)" solution="MicrosoftOperationsERPVE (1.0.0.0)">
          <package appName="Microsoft Operations Virtual Entity" version="2.9.7.6">MicrosoftOperationsVEAnchor (2.9.7.6)</package>
        </Required>
        <Dependent type="300" schemaName="sd_purchaserequisitionapp_76177" displayName="Purchase Requisition App" />
      </MissingDependency>
      <MissingDependency>
        <Required type="1" schemaName="mserp_purchaserequisitionheaderv2entity" displayName="Purchase requisitions V2 (mserp)" solution="MicrosoftOperationsERPVE (1.0.0.0)">
          <package appName="Microsoft Operations Virtual Entity" version="2.9.7.6">MicrosoftOperationsVEAnchor (2.9.7.6)</package>
        </Required>
        <Dependent type="1" schemaName="mserp_purchaserequisitionheaderv2entity" displayName="Purchase requisitions V2 (mserp)" />
      </MissingDependency>
      <MissingDependency>
        <Required type="1" schemaName="mserp_purchaserequisitionheaderv2entity" displayName="Purchase requisitions V2 (mserp)" solution="MicrosoftOperationsERPVE (1.0.0.0)">
          <package appName="Microsoft Operations Virtual Entity" version="2.9.7.6">MicrosoftOperationsVEAnchor (2.9.7.6)</package>
        </Required>
        <Dependent type="300" schemaName="sd_purchaserequisitionapp_76177" displayName="Purchase Requisition App" />
      </MissingDependency>
      <MissingDependency>
        <Required type="1" schemaName="mserp_purchaserequisitionlineentity" displayName="Purchase requisition lines (mserp)" solution="MicrosoftOperationsERPVE (1.0.0.0)">
          <package appName="Microsoft Operations Virtual Entity" version="2.9.7.6">MicrosoftOperationsVEAnchor (2.9.7.6)</package>
        </Required>
        <Dependent type="1" schemaName="mserp_purchaserequisitionlineentity" displayName="Purchase requisition lines (mserp)" />
      </MissingDependency>
      <MissingDependency>
        <Required type="1" schemaName="mserp_purchaserequisitionlineentity" displayName="Purchase requisition lines (mserp)" solution="MicrosoftOperationsERPVE (1.0.0.0)">
          <package appName="Microsoft Operations Virtual Entity" version="2.9.7.6">MicrosoftOperationsVEAnchor (2.9.7.6)</package>
        </Required>
        <Dependent type="300" schemaName="sd_purchaserequisitionapp_76177" displayName="Purchase Requisition App" />
      </MissingDependency>
      <MissingDependency>
        <Required type="1" schemaName="mserp_purchvendorproductdescriptionv2entity" displayName="External item descriptions for vendors V2 (mserp)" solution="MicrosoftOperationsERPVE (1.0.0.0)">
          <package appName="Microsoft Operations Virtual Entity" version="2.9.7.6">MicrosoftOperationsVEAnchor (2.9.7.6)</package>
        </Required>
        <Dependent type="1" schemaName="mserp_ecoresreleasedproductv2entity" displayName="Released products V2 (mserp)" />
      </MissingDependency>
    </MissingDependencies>
  </SolutionManifest>
</ImportExportXml>